Temps;AccX;AccY;AccZ;RotX;RotY;RotZ
0.277347;128.0;-128.0;0.0;-256;0;0
0.277766;128.0;-128.0;256.0;-256;0;0
0.555732;128.0;-128.0;256.0;-256;0;0
0.556638;128.0;-128.0;0.0;-256;0;0
0.835048;128.0;-128.0;0.0;-256;0;0
0.836423;128.0;-128.0;0.0;-256;0;0
