Temps;AccX;AccY;AccZ;RotX;RotY;RotZ
0.301129;-256.0;-256.0;0.0;-256;0;0
0.301534;0.0;-256.0;0.0;-256;0;0
0.603271;-256.0;-256.0;0.0;-256;0;0
0.604149;-256.0;-256.0;0.0;-256;0;0
0.906371;0.0;-256.0;0.0;-256;0;0
0.9076660000000001;-256.0;-256.0;0.0;-256;0;0
