Temps;AccX;AccY;AccZ;RotX;RotY;RotZ
4.01160324;-0.39;-0.21;-10.14;-373;91;326
5.969900679999977;-0.4;-0.21;-10.14;-376;98;324
