Temps;AccX;AccY;AccZ;RotX;RotY;RotZ
3.9409677200000006;-0.04;-0.02;-1.01;-381;98;326
6.222624539999973;-0.04;-0.02;-1.01;-380;99;328
