Temps;AccX;AccY;AccZ;RotX;RotY;RotZ
3.4567039600000076;-0.08;0.05;-1.92;-376;93;333
4.608039800000024;-0.08;0.05;-1.92;-359;88;333
5.749390720000022;-0.07;0.05;-1.92;-370;89;328
6.888741200000043;-0.07;0.05;-1.92;-360;95;330
8.027743960000038;-0.07;0.05;-1.92;-356;89;331
