Temps;AccX;AccY;AccZ;RotX;RotY;RotZ
3.518685759999995;-0.04;-0.02;-1.01;-381;96;322
4.421976559999999;-0.04;-0.01;-1.02;-381;97;323
5.310496440000004;-0.04;-0.01;-1.02;-372;95;324
6.204362480000009;-0.04;-0.02;-1.01;-382;105;321
7.17907092;-0.04;-0.02;-1.01;-384;93;326
