Temps;AccX;AccY;AccZ;RotX;RotY;RotZ
0.300644;0.0;-256.0;0.0;-256;0;0
0.301046;0.0;-256.0;0.0;-256;0;0
0.602319;0.0;-256.0;-256.0;-256;0;0
0.603208;0.0;-256.0;0.0;-256;0;0
0.9048990000000001;0.0;-256.0;256.0;-256;0;0
0.90621;0.0;-256.0;256.0;-256;0;0
