Temps;AccX;AccY;AccZ;RotX;RotY;RotZ
0.277136;-128.0;-128.0;0.0;-256;0;0
0.277595;-128.0;-128.0;0.0;-256;0;0
0.555277;128.0;-128.0;0.0;-256;0;0
0.5562119999999999;128.0;128.0;0.0;-256;0;0
0.834356;128.0;128.0;0.0;-256;0;0
0.8356919999999999;128.0;-128.0;256.0;-256;0;0
