Temps;AccX;AccY;AccZ;RotX;RotY;RotZ
4.080642219999996;-0.4;-0.18;-10.14;-370;99;323
5.932868840000011;-0.4;-0.18;-10.14;-375;95;324
